{"Tab 1": {"Exchange Rate": {"Buying": 186.262846, "Selling": 190.402215}, "Liquidity": 0.960707}, "Tab 2": {"Exports Gross Value": 587000000.0, "Imports Gross Value": 994000000.0}, "Tab 3": {"Local Quantity": 145000000.0, "Foreign Quantity": 135000000.0}, "Tab 4": {"Remittance GDP Change": 431.8}, "Tab 5": {"Apparel Exports": 850000000.0}}
